nxpath/pvac_hfhe_cpp	2026-07-09T18:30:07Z	main
uChiron/pvac_hfhe_cpp	2026-07-09T18:30:07Z	main
Iamknownasfesal/pvac_hfhe_cpp	2026-07-07T18:49:11Z	main
dewhush/pvac_hfhe_cpp	2026-02-05T17:30:07Z	main
HuiosTheos17/pvac_hfhe_cpp	2026-02-05T17:30:07Z	main
Onuoha11/pvac_hfhe_cpp	2026-02-05T17:30:07Z	main
Arunkumarkethana/pvac_hfhe_cpp	2026-02-05T17:30:07Z	main
jejerana902/pvac_hfhe_cpp	2026-02-05T17:30:07Z	main
bonjour22sss-lab/pvac_hfhe_cpp	2026-02-12T16:01:24Z	main
bountyhunter123-crypto/pvac_hfhe_cpp	2026-02-05T17:30:07Z	main
0xfryday/pvac_hfhe_cpp	2026-02-05T17:30:07Z	main
whatislove666/pvac_hfhe_cpp	2026-02-04T04:30:01Z	main
RajeshRk18/pvac_hfhe_cpp	2026-02-04T01:58:11Z	main
0xRepox/pvac_hfhe_cpp	2026-02-03T17:25:14Z	main
Xyntera/pvac_hfhe_cpp	2026-01-29T13:10:37Z	main
Bayu-spec/pvac_hfhe_cpp	2026-01-26T04:37:31Z	main
Wizbisy/pvac_hfhe_cpp	2026-04-03T01:05:15Z	main
666-eth/pvac_hfhe_cpp	2026-02-25T10:06:31Z	main
6a6ayan/Octra---pvac_hfhe_cpp	2026-01-15T04:53:50Z	main
vasihh2009/pvac_hfhe_cppbyv	2026-01-20T12:56:59Z	main
maragung/pvac_hfhe_cpp	2026-01-19T08:52:38Z	main
TonyBlaze1313/pvac_hfhe_cpp	2026-01-15T04:53:50Z	main
Theuvkhan/pvac_hfhe_cpp	2026-01-15T04:53:50Z	main
sayakomo/pvac_hfhe_cpp	2026-01-19T05:32:40Z	main
Adejuwonvictor/pvac_hfhe_cpp	2026-01-15T04:53:50Z	main
B402For/pvac_hfhe_cpp	2026-01-15T04:53:50Z	main
Morena030/pvac_hfhe_cpp	2026-01-15T04:53:50Z	main
erlanggada/pvac_hfhe_cpp	2026-01-15T04:53:50Z	main
raddenpattah/pvac_hfhe_cpp	2026-01-14T06:14:30Z	main
deniginsb/pvac_hfhe_cpp	2026-01-14T06:14:30Z	main
franshel/pvac_hfhe_cpp	2026-01-14T06:14:30Z	main
namcangkua/pvac_hfhe_cpp-oct	2026-01-14T06:14:30Z	main
taiwofelix35/pvac_hfhe_cpp	2026-01-14T06:14:30Z	main
onmyway20/pvac_hfhe_cpp	2026-01-25T06:38:33Z	main
kepesengbanget/pvac_hfhe_cpp	2026-01-14T06:14:30Z	main
ekynug2/pvac_hfhe_cpp	2026-01-14T14:45:10Z	main
alessaputraa/pvac_hfhe_cpp	2026-01-14T06:14:30Z	main
Dylangrant915/pvac_hfhe_cpp	2026-01-14T06:14:30Z	main
ypszn/pvac_hfhe_cpp	2026-01-14T06:14:30Z	main
Krusherk/pvac_hfhe_cpp	2026-01-14T06:14:30Z	main
Winnode/pvac_hfhe_cpp	2026-01-14T06:14:30Z	main
dimasytr/pvac_hfhe_cpp	2025-12-22T14:44:22Z	main
waldzo/pvac_hfhe_cpp	2025-12-17T02:23:11Z	main
Yanu403/pvac_hfhe_cpp	2026-01-20T12:58:00Z	main
AganFebro/pvac_hfhe_cpp	2025-12-17T02:23:11Z	main
Alhazard29/pvac_hfhe_cpp	2025-12-17T02:23:11Z	main
elangrr/pvac_hfhe_cpp	2025-12-17T02:23:11Z	main
Warx04/pvac_hfhe_cpp	2025-12-17T02:23:11Z	main
anton2423/pvac_hfhe_cpp	2025-12-17T02:23:11Z	main
OneNov0209/pvac_hfhe_cpp	2025-12-17T12:02:41Z	main
Konyuka/pvac_hfhe_cpp	2025-12-17T02:23:11Z	main
Semutireng22/pvac_hfhe_cpp	2025-12-17T02:23:11Z	main
Argona7/pvac_hfhe_cpp	2025-12-17T02:23:11Z	main
Mayjor01/pvac_hfhe_cpp	2025-12-17T02:23:11Z	main
Korgonxx/pvac_hfhe_cpp	2025-12-17T02:23:11Z	main
Biglionaire/pvac_hfhe_cpp	2025-12-17T02:23:11Z	main
timiadey24/pvac_hfhe_cpp	2025-12-17T02:23:11Z	main
udine561/pvac_hfhe_cpp	2025-12-17T01:39:55Z	main
chris-in-the-shell/pvac_hfhe_cpp	2025-12-16T01:31:10Z	main
robertkohahimn/pvac_hfhe_cpp	2025-12-17T05:06:58Z	main
lambda0xE/pvac_hfhe_cpp	2025-12-01T21:35:24Z	main
0blvckivx0/pvac_hfhe_cpp	2025-12-01T21:35:24Z	main
